{
  "id": "archmage-artwork-hack",
  "name": "archmage-artwork-hack",
  "title": "13th Age + PF2E token art hack",
  "description": "A hacky module that allows the 13th Age system to inject artwork mappings for the PF2E artwork module.",
  "version": "1.0.0",
  "authors": [
    {
      "name": "Ben Straub",
      "url": "https://ben.straub.cc",
      "email": "ben@straub.cc",
      "discord": "benstraub",
      "reddit": "u/ben_straub",
      "twitter": "@benstraub"
    }
  ],
  "compatibility": {
    "minimum": 11,
    "verified": 11
  },
  "packs": [],
  "flags": {
    "archmage-artwork-hack": {
      "archmage-art": "systems/archmage/map-archmage.json"
    }
  },
  "manifest": "https://raw.githubusercontent.com/ben/archmage-artwork-hack/main/module.json",
  "download": "https://raw.githubusercontent.com/ben/archmage-artwork-hack/main/archmage-artwork-hack.zip"
}
